Finding,Value
Q4 2016 Total Profit,"38,140"
Q4 2017 Total Profit,"27,449"
Q4 Profit Change,"-10,691"
Binders Q4 Profit Change,"-12,688"
Binders % of Total Negative Drag,69%
Binders Avg Discount 2016,32.5%
Binders Avg Discount 2017,36.9%
Binders Central Region % of Its Own Decline,79%
Tables Q4 Profit Change,"-2,979"
Tables % of Total Negative Drag,16%
Tables Order Count 2016,33
Tables Order Count 2017,51
Tables South Region % of Its Own Decline,94%
Duplicate Row Found,"1 exact duplicate, Order US-2014-150119"
Appliances 80% Discount Issue (all years),"Consistent -270% to -275% margin, all 4 years"
